{
  "r2train": 0.9372644074968309,
  "r2test": 0.9254581661584049
}