{
  "loss": [0.1620578169822693, 0.06700003147125244, 0.05183011665940285, 0.04741659760475159, 0.03921627253293991, 0.0412687249481678, 0.036921244114637375, 0.032278820872306824, 0.030415600165724754, 0.02776922844350338, 0.026443272829055786, 0.029531652107834816, 0.026248767971992493, 0.030175138264894485, 0.025139817968010902, 0.024282800033688545, 0.024092862382531166, 0.023976299911737442, 0.024315232411026955, 0.02350592613220215, 0.02514803409576416, 0.02578919008374214, 0.02222592569887638, 0.023293087258934975, 0.02369285188615322, 0.022523190826177597, 0.021411553025245667, 0.023837551474571228, 0.022009506821632385, 0.02131211757659912, 0.020785875618457794, 0.020496932789683342, 0.020756185054779053, 0.022896980866789818, 0.020914563909173012, 0.02196764014661312, 0.02033841609954834, 0.02030421979725361, 0.01965595781803131, 0.020310698077082634, 0.02090979553759098, 0.020027969032526016, 0.0202102679759264, 0.020181812345981598, 0.01951717957854271, 0.01953732967376709, 0.02145593799650669, 0.019541926681995392, 0.02066943049430847, 0.019587859511375427],
  "mse": [0.049950454384088516, 0.008715566247701645, 0.005218759179115295, 0.004376372322440147, 0.0032893181778490543, 0.003395065199583769, 0.002828791970387101, 0.0021987613290548325, 0.0020064625423401594, 0.0017810572171583772, 0.0016610255697742105, 0.0019207233563065529, 0.0016211984911933541, 0.0018674664897844195, 0.0015329262241721153, 0.0014751231065019965, 0.0014555390225723386, 0.0014255057321861386, 0.0014336544554680586, 0.0013851464027538896, 0.001452327356673777, 0.0014783666701987386, 0.001285995589569211, 0.0013300548307597637, 0.0013252890203148127, 0.0012609014520421624, 0.0011855179909616709, 0.0012979786843061447, 0.0012044807663187385, 0.001169691444374621, 0.0011211165692657232, 0.0011027930304408073, 0.001112842932343483, 0.0012032196391373873, 0.0011133314110338688, 0.001157096354290843, 0.0010711343493312597, 0.001079487963579595, 0.0010442089987918735, 0.0010617219377309084, 0.0010913416044786572, 0.0010490865679457784, 0.0010699183912947774, 0.0010520305950194597, 0.0010205983417108655, 0.0010251429630443454, 0.0011094306828454137, 0.0010207071900367737, 0.0010677366517484188, 0.0010255423840135336],
  "mae": [0.1620578169822693, 0.06700003147125244, 0.05183011665940285, 0.04741659760475159, 0.03921627253293991, 0.0412687249481678, 0.036921244114637375, 0.032278820872306824, 0.030415600165724754, 0.02776922844350338, 0.026443272829055786, 0.029531652107834816, 0.026248767971992493, 0.030175138264894485, 0.025139817968010902, 0.024282800033688545, 0.024092862382531166, 0.023976299911737442, 0.024315232411026955, 0.02350592613220215, 0.02514803409576416, 0.02578919008374214, 0.02222592569887638, 0.023293087258934975, 0.02369285188615322, 0.022523190826177597, 0.021411553025245667, 0.023837551474571228, 0.022009506821632385, 0.02131211757659912, 0.020785875618457794, 0.020496932789683342, 0.020756185054779053, 0.022896980866789818, 0.020914563909173012, 0.02196764014661312, 0.02033841609954834, 0.02030421979725361, 0.01965595781803131, 0.020310698077082634, 0.02090979553759098, 0.020027969032526016, 0.0202102679759264, 0.020181812345981598, 0.01951717957854271, 0.01953732967376709, 0.02145593799650669, 0.019541926681995392, 0.02066943049430847, 0.019587859511375427]
}